{
  "generated_at_utc": "2026-06-06T09:18:23.330407+00:00",
  "script": "project/tools/phase10_run_bst_inference.py",
  "status": "passed",
  "input_root": "project/outputs/integration/bst_tracked_phase09_41_44/inputs",
  "checkpoint": "project/weights/bst_shuttleset_finetuned_protocol.pt",
  "output_root": "project/outputs/integration/bst_tracked_phase09_41_44",
  "device": "cuda:0",
  "torch_version": "2.7.1+cu126",
  "batch_size": 256,
  "num_workers": 0,
  "elapsed_seconds": 1.1601417064666748,
  "prediction_rows": 3192,
  "labeled_evaluation_rows": 3192,
  "candidate_only_rows": 0,
  "class_count": 25,
  "evaluation": [
    {
      "evaluation_group": "all_candidates",
      "rows": 3192,
      "labeled_rows": 3192,
      "accuracy": 0.6895363408521303,
      "top3_accuracy": 0.8778195488721805,
      "player_side_accuracy": 0.9285714285714286,
      "stroke_type_accuracy": 0.6911027568922306,
      "macro_precision_supported": 0.6740148231645284,
      "macro_recall_supported": 0.7170944656341457,
      "macro_f1_supported": 0.6662222789641484,
      "supported_class_count": 25
    },
    {
      "evaluation_group": "exact_label_all",
      "rows": 3192,
      "labeled_rows": 3192,
      "accuracy": 0.6895363408521303,
      "top3_accuracy": 0.8778195488721805,
      "player_side_accuracy": 0.9285714285714286,
      "stroke_type_accuracy": 0.6911027568922306,
      "macro_precision_supported": 0.6740148231645284,
      "macro_recall_supported": 0.7170944656341457,
      "macro_f1_supported": 0.6662222789641484,
      "supported_class_count": 25
    },
    {
      "evaluation_group": "exact_label_clean",
      "rows": 3178,
      "labeled_rows": 3178,
      "accuracy": 0.6903713027061045,
      "top3_accuracy": 0.8788546255506607,
      "player_side_accuracy": 0.9304594084329767,
      "stroke_type_accuracy": 0.6919446192573946,
      "macro_precision_supported": 0.6734025308413351,
      "macro_recall_supported": 0.7203569102975309,
      "macro_f1_supported": 0.666385568014617,
      "supported_class_count": 25
    },
    {
      "evaluation_group": "simultaneous_event_alias_diagnostic",
      "rows": 14,
      "labeled_rows": 14,
      "accuracy": 0.5,
      "top3_accuracy": 0.6428571428571429,
      "player_side_accuracy": 0.5,
      "stroke_type_accuracy": 0.5,
      "macro_precision_supported": 0.09722222222222222,
      "macro_recall_supported": 0.12962962962962962,
      "macro_f1_supported": 0.1111111111111111,
      "supported_class_count": 6
    },
    {
      "evaluation_group": "reference_test_primary",
      "rows": 2027,
      "labeled_rows": 2027,
      "accuracy": 0.6640355204736064,
      "top3_accuracy": 0.8643315244203256,
      "player_side_accuracy": 0.9205722742969906,
      "stroke_type_accuracy": 0.6660088801184015,
      "macro_precision_supported": 0.664264144409134,
      "macro_recall_supported": 0.6795524047643265,
      "macro_f1_supported": 0.6407335311795882,
      "supported_class_count": 25
    },
    {
      "evaluation_group": "reference_test_all_including_aliases",
      "rows": 2039,
      "labeled_rows": 2039,
      "accuracy": 0.6625796959293772,
      "top3_accuracy": 0.8626777832270721,
      "player_side_accuracy": 0.9176066699362433,
      "stroke_type_accuracy": 0.6645414418832761,
      "macro_precision_supported": 0.6646764063734867,
      "macro_recall_supported": 0.6750217058709871,
      "macro_f1_supported": 0.639559049626632,
      "supported_class_count": 25
    },
    {
      "evaluation_group": "reference_val_diagnostic",
      "rows": 1151,
      "labeled_rows": 1151,
      "accuracy": 0.736750651607298,
      "top3_accuracy": 0.9044309296264118,
      "player_side_accuracy": 0.947871416159861,
      "stroke_type_accuracy": 0.737619461337967,
      "macro_precision_supported": 0.720421814154573,
      "macro_recall_supported": 0.7850316477216026,
      "macro_f1_supported": 0.7230313504213346,
      "supported_class_count": 23
    },
    {
      "evaluation_group": "reference_val_all_including_aliases",
      "rows": 1153,
      "labeled_rows": 1153,
      "accuracy": 0.7372072853425846,
      "top3_accuracy": 0.9045967042497832,
      "player_side_accuracy": 0.9479618386816999,
      "stroke_type_accuracy": 0.738074588031223,
      "macro_precision_supported": 0.7217405125217141,
      "macro_recall_supported": 0.7879301984462402,
      "macro_f1_supported": 0.7250421171632526,
      "supported_class_count": 23
    },
    {
      "evaluation_group": "exact_label_pose_dropout_lt_50",
      "rows": 2978,
      "labeled_rows": 2978,
      "accuracy": 0.7038280725319006,
      "top3_accuracy": 0.8901947615849564,
      "player_side_accuracy": 0.9422431161853593,
      "stroke_type_accuracy": 0.7051712558764271,
      "macro_precision_supported": 0.6762057337864708,
      "macro_recall_supported": 0.7257713632436703,
      "macro_f1_supported": 0.6724700019335991,
      "supported_class_count": 25
    },
    {
      "evaluation_group": "reference_test_pose_dropout_lt_50",
      "rows": 1873,
      "labeled_rows": 1873,
      "accuracy": 0.6764548852108916,
      "top3_accuracy": 0.8750667378537106,
      "player_side_accuracy": 0.9321943406300054,
      "stroke_type_accuracy": 0.6780565936999466,
      "macro_precision_supported": 0.6654485538023244,
      "macro_recall_supported": 0.6887900975464738,
      "macro_f1_supported": 0.6459143619985828,
      "supported_class_count": 25
    },
    {
      "evaluation_group": "exact_label_pose_dropout_lt_25",
      "rows": 1687,
      "labeled_rows": 1687,
      "accuracy": 0.7771191464137522,
      "top3_accuracy": 0.9537640782454061,
      "player_side_accuracy": 0.983402489626556,
      "stroke_type_accuracy": 0.7777119146413752,
      "macro_precision_supported": 0.7278524612689317,
      "macro_recall_supported": 0.7739018464489034,
      "macro_f1_supported": 0.7398265108762664,
      "supported_class_count": 25
    },
    {
      "evaluation_group": "reference_test_pose_dropout_lt_25",
      "rows": 1055,
      "labeled_rows": 1055,
      "accuracy": 0.7601895734597156,
      "top3_accuracy": 0.9497630331753555,
      "player_side_accuracy": 0.9838862559241706,
      "stroke_type_accuracy": 0.7611374407582938,
      "macro_precision_supported": 0.7173164172949182,
      "macro_recall_supported": 0.738101097993781,
      "macro_f1_supported": 0.7148267791407086,
      "supported_class_count": 25
    },
    {
      "evaluation_group": "exact_label_all_pose_missing",
      "rows": 0,
      "labeled_rows": 0,
      "accuracy": 0.0,
      "top3_accuracy": null,
      "player_side_accuracy": null,
      "stroke_type_accuracy": null,
      "macro_precision_supported": null,
      "macro_recall_supported": null,
      "macro_f1_supported": null,
      "supported_class_count": 0
    },
    {
      "evaluation_group": "reference_test_top_pose_valid_ge_75",
      "rows": 760,
      "labeled_rows": 760,
      "accuracy": 0.7671052631578947,
      "top3_accuracy": 0.9578947368421052,
      "player_side_accuracy": 0.993421052631579,
      "stroke_type_accuracy": 0.7684210526315789,
      "macro_precision_supported": 0.7584054884602972,
      "macro_recall_supported": 0.7864449943189779,
      "macro_f1_supported": 0.7580196777930478,
      "supported_class_count": 24
    },
    {
      "evaluation_group": "reference_test_top_pose_valid_lt_50",
      "rows": 951,
      "labeled_rows": 951,
      "accuracy": 0.5604626708727655,
      "top3_accuracy": 0.7707676130389064,
      "player_side_accuracy": 0.8517350157728707,
      "stroke_type_accuracy": 0.5636172450052577,
      "macro_precision_supported": 0.5962096114603065,
      "macro_recall_supported": 0.5704615122472919,
      "macro_f1_supported": 0.5232413463291485,
      "supported_class_count": 25
    },
    {
      "evaluation_group": "reference_test_bottom_pose_valid_ge_75",
      "rows": 1981,
      "labeled_rows": 1981,
      "accuracy": 0.6658253407370015,