{
  "inputs": {
    "gt_rows": 36482,
    "pred_rows": 6282,
    "pred_videos": [
      41,
      42,
      43,
      44
    ]
  },
  "distribution": {
    "gt_strokes": 36482,
    "gt_rallies": 3683,
    "gt_rally_len_mean": 9.905511811023622,
    "gt_rally_len_median": 8.0,
    "gt_n_stroke_types": 19,
    "pred_strokes": 6282,
    "pred_rallies": 391,
    "pred_rally_len_mean": 16.066496163682864
  },
  "markov_compare": {
    "frobenius_gt_minus_pred": 3.6515082979624016,
    "mean_row_kl_gt_pred": 11.722820929515503,
    "labeled_rows": 2986
  },
  "patterns": {
    "gt_rallies": 3683,
    "gt_patterns_kept": 120,
    "pred_rallies": 391,
    "pred_patterns_kept": 120,
    "opening_rallies": 3300,
    "opening_patterns_kept": 26
  },
  "clustering": {
    "n_units": 88,
    "best_k": 2,
    "best_silhouette": 0.14298781614941639,
    "silhouette_sweep": {
      "2": 0.14298781614941639,
      "3": 0.094384158922104,
      "4": 0.09096435053940076,
      "5": 0.08363384100687264,
      "6": 0.09254570529352633
    }
  },
  "heatmaps_gt": {
    "gt_landing_points": 35297
  },
  "heatmaps_pred": {
    "pred_occupancy_clips": {
      "Top": 5422,
      "Bottom": 5422
    }
  }
}