{
  "frobenius_gt_minus_pred": 3.6515082979624016,
  "mean_row_kl_gt_pred": 11.722820929515503,
  "labeled_rows": 2986
}