k,silhouette,bootstrap_stability_mean_ari,bootstrap_stability_std_ari,min_cluster_size,max_cluster_size
2,0.14096909934886181,0.17258419781896475,0.28815359637241456,7,9
3,0.1506214614187119,0.3649209579131324,0.24613427856828748,3,8
4,0.11233373523836873,0.32547900051669837,0.20049900679559338,1,6
5,0.10564901951284136,0.286162921748601,0.17601953061598632,1,6
