confidence_bin,rows,accuracy
"[0.0, 0.4)",424,0.30424528301886794
"[0.4, 0.6)",414,0.5483091787439613
"[0.6, 0.8)",508,0.7047244094488189
"[0.8, 1.01)",681,0.9280469897209985
