video_id,accuracy,top_pose_valid
42,0.6397415185783522,0.316367071082391
43,0.5327272727272727,0.2775181854545455
44,0.7657342657342657,0.8765163776223777
