k,silhouette,bootstrap_stability_mean_ari,bootstrap_stability_std_ari,min_cluster_size,max_cluster_size,min_cluster_fraction
2,0.15176451979324443,0.4396491617281116,0.3609676256274283,20,68,0.22727272727272727
3,0.10114624484367245,0.37313042565594307,0.2162392288762248,16,37,0.18181818181818182
4,0.1153852469773911,0.45694331051327935,0.18516655166360743,9,34,0.10227272727272728
5,0.11148476464099565,0.37056714484997305,0.1406057811894719,9,34,0.10227272727272728
6,0.1030180617495101,0.32870298302839046,0.08938474666596805,9,20,0.10227272727272728
7,0.10744159972795829,0.3830367344423806,0.07970955470427915,7,18,0.07954545454545454
8,0.0955862819199555,0.34142453461374844,0.07542964987356995,4,18,0.045454545454545456
