video_id,predicted_player_side,n_strokes,mean_confidence,cluster,pca_1,pca_2,distance_to_centroid
41,Bottom,546,0.7082935495800151,1,-2.0372635780882535,0.38073453953578945,1.9635408894736095
41,Top,548,0.6727447751229697,1,-1.6873579935189662,-0.9557216432198672,1.9626073791359406
42,Bottom,276,0.6225164152843796,0,1.796718397881402,1.0758843263747495,2.5262116707296305
42,Top,272,0.5685425328693408,0,3.0807487896168606,-1.4016833746491104,3.284428306982993
43,Bottom,237,0.5805963406394302,0,-0.15172428322335674,4.314946927064732,4.208012973150738
43,Top,237,0.5093628926996441,0,2.499295894949231,-0.797423128026529,3.2766350430211437
44,Bottom,426,0.7381019002884767,1,-1.8854469134760397,0.11124728422240387,2.3608790264982162
44,Top,423,0.750896742016993,1,-1.614970314140876,-2.727984931302166,2.4095815986766755
