k,silhouette,bootstrap_stability_mean_ari,bootstrap_stability_std_ari,min_cluster_size,max_cluster_size,min_cluster_fraction
2,0.200245977052663,0.504668384879725,0.4149636383531416,4,4,0.5
3,0.2250781423069116,0.7875687527374922,0.2534630024891064,1,4,0.125
4,0.19416745024567353,0.5955952807188039,0.32931849903456023,1,4,0.125
5,0.1504759026980887,0.2838050378146609,0.3082124620560594,1,4,0.125
6,0.052175257050227894,0.18028846153846156,0.24286699034656808,1,2,0.125
7,0.01535701404726543,0.24579124579124578,0.46185665183790564,1,2,0.125
