{
  "hard": {
    "frobenius": 1.231607621915013,
    "mean_row_kl": 0.510695455393082
  },
  "soft": {
    "frobenius": 1.6166635108859977,
    "mean_row_kl": 0.6231632335347205
  },
  "high_confidence": {
    "frobenius": 1.2114914881879986,
    "mean_row_kl": 1.3719700754310062
  },
  "old_baseline": {
    "frobenius_gt_minus_pred": 3.6515082979624016,
    "mean_row_kl_gt_pred": 11.722820929515503,
    "labeled_rows": 2986
  }
}