{
  "created_at": "2026-06-06T06:16:58.986260+00:00",
  "status": "analysis_only",
  "window_strategy": "midpoint",
  "window_count": 3737,
  "frame_count": {
    "mean": 50.804656141289804,
    "median": 30.0,
    "min": 1,
    "max": 833
  },
  "matched_reference": {
    "clip_count": 3737,
    "reference_mean": 58.7010971367407,
    "length_mae": 45.587101953438584,
    "exact_length_rate": 0.0010703773080010704
  },
  "output_csv": "project/outputs/phase09_window_ablation/midpoint/phase09_midpoint_window_analysis.csv"
}